1,2,3,4,5,6,7,8,9,10,1,2,3,4,5,6,7,8,9,10,1,2,3,4,5,6,7,8,9,10
316.9895,212.8556,94.5064,38.5705,17.9255,15.9843,242.2364,257.0242,135.5319,127.8049,0.9188101449275363,0.6169727536231885,0.27393159420289853,0.1117985507246377,0.05195797101449275,0.046331304347826084,0.7021344927536232,0.7449976811594203,0.39284608695652173,0.37044898550724636,3.1054999999999997,2.3438,1.2525,0.4956,0.22949999999999998,0.1783,2.1607000000000003,3.1519000000000004,1.1792,1.1035
310.7591,266.2786,114.9121,36.8615,17.3998,10.0807,141.7552,475.6398,151.7044,125.4094,0.8331343163538873,0.7138836461126005,0.30807533512064345,0.09882439678284183,0.046648257372654156,0.027026005361930297,0.3800407506702413,1.2751737265415548,0.4067142091152815,0.3362182305630027,3.6767999999999996,3.4522,1.4673,0.5323,0.2491,0.1319,1.2232,4.541,1.5088000000000001,1.7041
221.0061,165.141,33.9902,9.7526,4.2481,3.2673,93.8923,168.8596,83.4142,42.7523,0.7949859712230216,0.5940323741007194,0.12226690647482015,0.03508129496402877,0.015280935251798562,0.011752877697841727,0.3377420863309353,0.6074086330935252,0.3000510791366906,0.15378525179856115,4.021,2.7076,0.6299,0.21239999999999998,0.105,0.0879,1.2378,1.2694999999999999,1.3306,0.5469
278.1416,164.2322,38.976,12.5851,6.2091,5.6305,79.292,137.2554,84.4953,35.5139,0.8691924999999999,0.513225625,0.12179999999999999,0.0393284375,0.019403437500000002,0.017595312499999998,0.2477875,0.428923125,0.2640478125,0.1109809375,3.8257,2.1948999999999996,0.4712,0.1636,0.0953,0.1026,0.7813,0.8325,1.1182,0.3321
78.2733,49.3259,28.661,7.5125,3.0956,1.244,44.9809,130.3564,27.522,17.8404,0.25747796052631583,0.16225625,0.0942796052631579,0.02471217105263158,0.010182894736842106,0.004092105263157894,0.14796348684210525,0.4288039473684211,0.0905328947368421,0.05868552631578947,0.8350000000000001,0.5445000000000001,0.4493,0.18309999999999998,0.1099,0.0293,0.5639,1.3623,0.31739999999999996,0.19779999999999998
287.5907,110.6839,45.6038,15.479,7.0816,7.9529,65.0143,103.2279,116.4873,33.6707,0.8821800613496933,0.3395211656441718,0.13988895705521473,0.047481595092024535,0.021722699386503067,0.024395398773006133,0.19943036809815953,0.31665000000000004,0.3573230061349693,0.10328435582822085,4.2237,1.6700000000000002,0.6641,0.2442,0.12699999999999997,0.1148,0.6617000000000001,0.9741,2.7441999999999998,0.4248
176.4662,119.9303,45.7753,9.1815,2.706,1.5222,58.5199,252.9565,70.3223,39.6202,0.3895501103752759,0.2647467991169978,0.10104922737306844,0.0202682119205298,0.0059735099337748345,0.0033602649006622518,0.12918300220750553,0.5584028697571745,0.15523686534216335,0.08746181015452538,1.8799000000000001,1.5235,0.4175,0.0977,0.0318,0.014700000000000001,0.625,1.3964999999999999,0.6177,0.3833
96.1897,151.2149,28.8139,6.6058,2.3752,1.9637,74.3118,267.1078,94.3433,40.9002,0.268686312849162,0.42238798882681566,0.08048575418994414,0.018451955307262572,0.0066346368715083795,0.005485195530726257,0.20757486033519554,0.7461111731843575,0.26352877094972066,0.1142463687150838,0.6885,1.814,0.3101,0.0806,0.0391,0.0684,0.9863000000000001,2.3926000000000003,1.1011,0.4737
127.7305,140.8691,46.7013,15.3429,6.3821,3.0094,62.2458,126.4987,90.3244,44.71,0.44661013986013987,0.4925493006993007,0.16329125874125874,0.053646503496503496,0.022315034965034966,0.010522377622377621,0.21764265734265736,0.44230314685314687,0.3158195804195804,0.15632867132867134,2.7514999999999996,2.0385999999999997,0.6153000000000001,0.22949999999999998,0.1099,0.0611,1.3941000000000001,1.3184,1.4283000000000001,0.9644
179.6722,112.315,23.9209,5.9845,1.5951,0.8597999999999999,36.5004,162.4126,56.5079,27.6559,0.5703879365079365,0.35655555555555557,0.07593936507936508,0.0189984126984127,0.005063809523809523,0.0027295238095238093,0.11587428571428571,0.5155955555555556,0.17939015873015873,0.08779650793650794,2.0825,1.3721,0.2491,0.0733,0.0269,0.0074,0.6202000000000001,1.25,0.6275000000000001,0.33449999999999996
80.597,84.5585,27.402,8.1421,5.5884,20.7288,557.796,168.9576,108.0603,157.1167,0.28379225352112675,0.29774119718309855,0.09648591549295775,0.028669366197183094,0.019677464788732394,0.0729887323943662,1.9640704225352115,0.5949211267605634,0.38049401408450706,0.5532278169014084,0.7422000000000001,0.8765000000000001,0.2832,0.0757,0.0782,0.23199999999999998,4.0088,1.1597,1.1988,1.5137
56.9627,129.7666,13.9697,2.4406,2.7947,15.3397,533.2328,144.8137,101.4419,180.1969,0.18494383116883117,0.4213201298701299,0.04535616883116883,0.007924025974025974,0.0090737012987013,0.04980422077922078,1.7312753246753247,0.4701743506493507,0.32935681818181817,0.5850548701298701,0.4664,1.3843,0.2002,0.044,0.0562,0.19049999999999997,4.4043,0.9764999999999999,0.8350000000000001,1.9214
103.7314,147.9301,60.4335,19.9978,9.216,24.3612,585.5296,184.0796,122.224,244.292,0.3516318644067796,0.5014579661016949,0.2048593220338983,0.06778915254237289,0.031240677966101693,0.08258033898305085,1.984846101694915,0.6239986440677966,0.4143186440677966,0.8281084745762712,1.3697000000000001,1.7945,0.625,0.2637,0.12699999999999997,0.2637,4.609299999999999,1.4331,1.2769000000000001,2.2289999999999996
74.5547,130.832,23.649,5.9321,2.4753,11.603,418.3983,121.2889,90.6661,191.5702,0.33432600896860987,0.5866905829596413,0.10604932735426009,0.02660134529147982,0.011099999999999999,0.05203139013452915,1.8762255605381166,0.5438964125560538,0.40657443946188343,0.8590591928251121,1.1206,1.6919,0.4224,0.15139999999999998,0.0586,0.1954,3.3813,0.9937,1.0230000000000001,1.8848
62.2288,150.5239,13.8272,2.5504,1.1591,9.1583,445.7901,102.1634,82.8641,219.761,0.19507460815047023,0.47186175548589343,0.04334545454545454,0.007994984326018808,0.0036335423197492163,0.028709404388714735,1.3974611285266458,0.3202614420062696,0.25976206896551723,0.6889059561128527,0.6519,1.1939,0.1709,0.0538,0.0196,0.09280000000000001,2.9809,0.6592,0.6421,1.8531
79.5731,151.16,11.9222,2.0778,1.2589,8.1792,448.0944,95.655,70.2002,234.9375,0.21741284153005463,0.41300546448087433,0.03257431693989071,0.005677049180327868,0.0034396174863387976,0.022347540983606556,1.2243016393442623,0.2613524590163934,0.191803825136612,0.641905737704918,0.6177,1.5430000000000001,0.19779999999999998,0.0489,0.0196,0.0879,2.9053,0.5444,0.5518000000000001,1.9776
77.0994,106.604,16.1287,3.5725,1.4331,8.8923,433.9155,95.9352,61.6712,204.3962,0.2147615598885794,0.29694707520891367,0.0449267409470752,0.00995125348189415,0.003991922005571031,0.024769637883008358,1.2086782729805015,0.26722896935933144,0.17178607242339833,0.5693487465181059,0.6788000000000001,1.106,0.3492,0.1319,0.0269,0.1319,3.086,0.6421,0.6055,1.9141000000000001
95.7195,143.1008,17.8538,3.5309,1.2438,7.6951,479.891,102.2748,67.3278,202.6769,0.24050125628140703,0.3595497487437186,0.044858793969849244,0.008871608040201005,0.0031251256281407034,0.019334422110552765,1.2057562814070353,0.2569718592964824,0.16916532663316583,0.5092384422110553,0.7056,1.211,0.25389999999999996,0.0855,0.014700000000000001,0.083,2.9468,0.5786,0.481,1.8897
71.4023,99.9076,15.947799999999999,2.7415,1.0471,6.8505,356.2662,77.8202,53.4427,184.9312,0.25410071174377225,0.35554306049822065,0.056753736654804265,0.009756227758007116,0.0037263345195729537,0.024379003558718863,1.2678512455516016,0.2769402135231317,0.19018754448398578,0.6581181494661922,0.669,1.2281,0.19779999999999998,0.0708,0.0196,0.0879,3.0957,0.6445000000000001,0.5005000000000001,1.9361
84.9656,117.2277,27.8868,8.334,1.3661999999999999,7.4792,412.7582,91.851,61.565,220.3774,0.2536286567164179,0.3499334328358209,0.08324417910447761,0.024877611940298507,0.00407820895522388,0.02232597014925373,1.2321140298507463,0.27418208955223883,0.18377611940298508,0.6578429850746268,0.8814000000000001,1.2696,0.5396000000000001,0.21,0.0269,0.0855,2.8613999999999997,0.642,0.6153000000000001,2.0435
97.2834,259.6822,101.599,28.8053,13.9845,35.6612,779.7638,227.7247,171.1282,301.3264,0.27955,0.7462132183908047,0.2919511494252874,0.08277385057471263,0.040185344827586206,0.10247471264367816,2.2407005747126436,0.6543813218390805,0.4917477011494253,0.8658804597701149,1.1182,2.1973,1.3111,0.3736,0.17579999999999998,0.4395,4.6533,1.7847,1.792,2.9199
45.4855,226.0244,25.0083,4.8305,1.8167,10.4396,499.4844,138.8059,108.9496,215.4124,0.1341755162241888,0.6667386430678467,0.073770796460177,0.014249262536873156,0.005358997050147493,0.030795280235988202,1.4734053097345132,0.40945693215339235,0.32138525073746316,0.635434808259587,0.3858,1.587,0.29059999999999997,0.0733,0.0269,0.105,2.9760999999999997,0.9082,0.8033,1.6309
40.8294,156.1949,19.732,4.8881,1.4913,9.058,435.2832,109.295,86.0225,168.9715,0.16074566929133857,0.6149405511811024,0.07768503937007874,0.019244488188976377,0.005871259842519685,0.03566141732283464,1.7137133858267717,0.4302952755905512,0.33867125984251967,0.6652421259842519,0.4395,1.7383,0.2588,0.105,0.0367,0.105,3.6304,0.9155,1.1280000000000001,1.5723
26.673000000000002,138.2652,12.3227,1.9338,1.0679,5.4862,307.8349,91.8924,73.2198,167.1264,0.10501181102362206,0.5443511811023621,0.048514566929133855,0.007613385826771653,0.004204330708661418,0.021599212598425198,1.2119484251968504,0.36178110236220473,0.2882669291338583,0.6579779527559054,0.2832,1.731,0.16119999999999998,0.0415,0.0293,0.1075,2.8223000000000003,0.8423,0.7959,1.9068
33.9431,214.03640000000001,20.2424,3.5937,1.4137,7.3036,383.2515,117.6298,97.8677,219.4339,0.11584675767918089,0.7304996587030718,0.06908668941979522,0.012265187713310581,0.004824914675767918,0.024926962457337887,1.3080255972696246,0.40146689419795223,0.33401945392491467,0.7489211604095563,0.3223,1.9263000000000001,0.23929999999999998,0.0538,0.0415,0.13679999999999998,2.9760999999999997,0.8765000000000001,1.0474,2.0972
39.7948,172.008,12.8033,2.4936,1.1819,6.5998,342.1585,104.2286,81.5247,192.8002,0.1686220338983051,0.7288474576271187,0.05425127118644068,0.010566101694915253,0.005008050847457627,0.027965254237288135,1.449824152542373,0.4416466101694915,0.3454436440677966,0.81695,0.3077,2.0458999999999996,0.20509999999999998,0.0513,0.0245,0.105,2.1971999999999996,0.6617,0.7618,1.9433
41.451299999999996,281.8366,24.1628,4.0039,2.3529,8.9304,348.4445,157.251,133.4867,235.782,0.11450635359116021,0.7785541436464087,0.06674806629834254,0.01106049723756906,0.0064997237569060775,0.02466961325966851,0.9625538674033149,0.4343950276243094,0.36874779005524866,0.6513314917127072,0.3858,2.7929999999999997,0.30519999999999997,0.0586,0.0415,0.14409999999999998,3.169,1.272,1.0987,2.7613
36.0576,277.9663,21.2494,3.1913,1.133,6.6371,358.8509,144.1602,128.9403,229.8209,0.12390927835051546,0.9552106529209622,0.07302199312714777,0.010966666666666666,0.003893470790378007,0.02280790378006873,1.2331646048109965,0.49539587628865983,0.44309381443298973,0.7897625429553264,0.2637,2.2437,0.20509999999999998,0.0586,0.0196,0.0879,2.2901,0.9400000000000001,1.0328,1.7456
78.4759,274.782,64.707,24.6722,1.8167,7.366,394.9224,221.4068,140.111,216.4608,0.15853717171717172,0.5551151515151515,0.1307212121212121,0.04984282828282828,0.00367010101010101,0.01488080808080808,0.7978230303030303,0.44728646464646465,0.2830525252525252,0.4372945454545455,0.8838,1.9068,0.4395,0.1636,0.0171,0.0635,2.3901999999999997,1.0815000000000001,1.0450000000000002,1.4747000000000001
43.6892,168.6147,19.1131,7.2823,1.0788,4.5138,319.4061,136.5619,63.2937,140.5566,0.15275944055944055,0.5895618881118881,0.06682902097902098,0.025462587412587414,0.003772027972027972,0.01578251748251748,1.1168045454545454,0.4774891608391609,0.22130664335664335,0.49145664335664335,0.40040000000000003,1.6065,0.4712,0.14159999999999998,0.0269,0.0855,2.0361,0.6836,0.7203,1.4648
24.0883,90.9441,97.0704,28.0385,3.6532,8.5002,241.3286,143.2055,111.7692,74.5161,0.07976258278145695,0.30113940397350997,0.32142516556291395,0.09284271523178808,0.012096688741721854,0.028146357615894037,0.7991013245033113,0.4741903973509934,0.37009668874172186,0.24674205298013244,0.2955,1.46,1.3062,0.3443,0.0782,0.12699999999999997,1.9922,1.167,1.8872,1.2769
9.8074,42.3118,52.7458,9.9441,0.8198,1.0791,128.6013,90.4838,71.0308,63.7041,0.029992048929663607,0.1293938837920489,0.1613021406727829,0.030410091743119268,0.0025070336391437307,0.0033,0.39327614678899087,0.27670886850152904,0.2172195718654434,0.1948137614678899,0.0855,0.7032,0.5933,0.1465,0.0025,0.0171,1.0864,0.4541,0.8326,0.4834
6.595,28.5789,12.5581,5.0845,0.7253999999999999,0.8626999999999999,72.239,75.9693,30.3323,39.6446,0.022280405405405403,0.09655033783783784,0.042426013513513515,0.017177364864864864,0.0024506756756756754,0.0029145270270270265,0.24405067567567568,0.25665304054054056,0.10247398648648649,0.13393445945945945,0.0757,0.5127,0.2491,0.0879,0.0025,0.0196,0.8179000000000001,0.41750000000000004,0.4078,0.4224
11.520199999999999,41.1214,33.445,15.8161,1.0756999999999999,2.3102,141.9188,109.8771,30.7982,60.3591,0.03764771241830065,0.13438366013071895,0.10929738562091504,0.05168660130718954,0.0035153594771241826,0.007549673202614379,0.46378692810457517,0.35907549019607843,0.10064771241830066,0.19725196078431373,0.14409999999999998,0.9595,0.9034000000000001,0.3638,0.0318,0.0538,2.2706,0.8765000000000001,0.44439999999999996,0.5591
10.3454,31.8162,23.2055,10.0866,0.8126,0.8785999999999999,68.8699,92.2628,24.4477,36.2114,0.03202910216718266,0.09850216718266254,0.07184365325077399,0.031227863777089786,0.0025157894736842104,0.002720123839009288,0.21321950464396286,0.2856433436532508,0.07568947368421053,0.1121095975232198,0.1294,0.4639,0.3711,0.19779999999999998,0.0049,0.0122,0.9959999999999999,0.7177,0.293,0.2613
5.344,25.5041,3.9892,2.5284999999999997,1.2162,1.196,96.7514,82.3973,17.908,58.2387,0.010950819672131148,0.0522625,0.008174590163934426,0.005181352459016393,0.0024922131147540982,0.0024508196721311475,0.1982610655737705,0.1688469262295082,0.03669672131147541,0.11934159836065573,0.0879,0.4639,0.13679999999999998,0.0708,0.0025,0.0049,0.7715000000000001,0.5176,0.20509999999999998,0.8178
10.4725,26.5857,34.7916,19.5885,0.6967,1.7892,134.7556,83.1193,22.1361,86.9313,0.04222782258064516,0.10720040322580644,0.14028870967741935,0.07898588709677419,0.002809274193548387,0.007214516129032258,0.5433693548387096,0.3351584677419355,0.08925846774193548,0.35052943548387094,0.13429999999999997,0.542,0.6080000000000001,0.2759,0.0122,0.0415,1.643,0.6543000000000001,0.376,0.835
5.045,2.7079999999999997,10.6713,8.6756,0.8225999999999999,1.7727,148.1352,63.0878,7.7031,77.8095,0.015815047021943574,0.008489028213166144,0.03345235109717869,0.027196238244514104,0.002578683385579937,0.00555705329153605,0.4643736677115987,0.19776739811912225,0.02414764890282132,0.24391692789968653,0.0904,0.21,0.21,0.1709,0.009800000000000001,0.0391,1.3477000000000001,0.36619999999999997,0.13429999999999997,0.5322
7.8808,6.4667,12.0677,7.551,0.5033,3.6674,186.8194,59.0987,9.831,73.393,0.04236989247311828,0.03476720430107527,0.06488010752688173,0.04059677419354839,0.0027059139784946233,0.01971720430107527,1.004405376344086,0.3177349462365591,0.052854838709677415,0.39458602150537636,0.14159999999999998,0.2784,0.33449999999999996,0.16849999999999998,0.0074,0.0757,1.7674999999999998,0.41500000000000004,0.2979,0.5493
12.6645,5.9277,61.9138,25.6932,2.4561,8.8528,217.1805,79.214,24.3705,63.5642,0.06364070351758794,0.029787437185929647,0.3111246231155779,0.12911155778894473,0.012342211055276383,0.04448643216080402,1.0913592964824121,0.3980603015075377,0.12246482412060301,0.3194180904522613,0.1954,0.28809999999999997,0.9839,0.3125,0.0562,0.12699999999999997,2.2901,0.8886,0.503,0.7739
6.5884,0.8187,20.9724,9.739,0.7138,2.3577,180.6452,62.42,2.191,87.0482,0.02295609756097561,0.0028526132404181185,0.07307456445993031,0.03393379790940767,0.0024871080139372823,0.008214982578397213,0.6294257839721253,0.21749128919860627,0.0076341463414634145,0.30330383275261324,0.0806,0.0196,0.21,0.1221,0.0025,0.0415,1.4208999999999998,0.46390000000000003,0.105,0.5860000000000001
8.162,0.8923,32.5186,15.5123,0.8512,2.6663,158.4133,81.963,10.259,108.5106,0.024147928994082843,0.002639940828402367,0.09620887573964497,0.04589437869822485,0.002518343195266272,0.007888461538461539,0.46867840236686387,0.24249408284023666,0.03035207100591716,0.32103727810650884,0.0977,0.022000000000000002,0.481,0.22219999999999998,0.0025,0.0269,0.6665000000000001,0.5444,0.21239999999999998,0.48589999999999994
37.0555,118.2942,116.9014,30.4562,4.9893,10.8233,341.9924,208.1759,55.2642,140.3498,0.14197509578544062,0.4532344827586207,0.4478980842911877,0.11669042145593869,0.019116091954022987,0.04146858237547892,1.3103157088122603,0.7976088122605365,0.21174022988505747,0.5377386973180076,0.4664,1.9385000000000001,1.1866,0.31739999999999996,0.0879,0.14409999999999998,2.5708,1.9676999999999998,0.9375,1.5454
36.1304,198.5638,135.0936,28.9072,5.2688,13.254999999999999,412.7829,183.8678,67.103,206.0135,0.11924224422442245,0.6553260726072607,0.4458534653465347,0.095403300330033,0.017388778877887787,0.043745874587458745,1.3623198019801979,0.6068244224422442,0.22146204620462046,0.6799125412541254,0.3858,2.0092999999999996,0.9913000000000001,0.2832,0.0953,0.19779999999999998,4.0747,1.6186,0.5811000000000001,1.9458
28.2144,155.8052,59.0779,17.2904,3.8598,13.0974,423.3736,120.8768,46.7003,174.0038,0.10606917293233083,0.5857338345864662,0.22209736842105263,0.0650015037593985,0.014510526315789474,0.04923834586466166,1.59163007518797,0.45442406015037595,0.17556503759398495,0.6541496240601504,0.3931,2.0044,0.8106,0.24659999999999999,0.0977,0.23199999999999998,3.7011,1.0645,0.6665000000000001,1.7554
24.3664,145.1805,18.4841,8.5573,3.065,12.8631,342.6716,116.2994,39.4181,39.7073,0.13171027027027027,0.7847594594594595,0.09991405405405407,0.04625567567567567,0.016567567567567568,0.06953027027027027,1.852278918918919,0.6286454054054055,0.21307081081081083,0.21463405405405403,0.293,1.6944000000000001,0.29059999999999997,0.1319,0.0708,0.22469999999999998,3.7232000000000003,1.2207000000000001,0.5005000000000001,0.6224999999999999
15.8601,102.6101,33.6007,15.6815,1.2598,6.8009,275.0806,87.6376,34.644,76.6023,0.06895695652173912,0.4461308695652174,0.14609000000000003,0.0681804347826087,0.005477391304347826,0.02956913043478261,1.1960026086956521,0.3810330434782609,0.15062608695652174,0.33305347826086956,0.1807,1.1792,0.5469,0.2027,0.0269,0.105,2.4608999999999996,0.7251,0.44189999999999996,0.7642000000000001
29.7213,151.125,46.0899,19.8708,5.1645,15.9133,401.4525,131.1741,47.9484,122.193,0.1375986111111111,0.6996527777777778,0.21337916666666668,0.09199444444444443,0.023909722222222225,0.07367268518518519,1.8585763888888889,0.6072875000000001,0.22198333333333334,0.5657083333333334,0.38089999999999996,2.0191,0.7715000000000001,0.28809999999999997,0.1392,0.2857,4.531199999999999,1.2867000000000002,0.7056,1.4062
18.822,109.6618,41.8312,18.1219,4.9239,11.3003,243.1174,80.8856,38.8249,80.1416,0.10119354838709677,0.5895795698924731,0.2248989247311828,0.09742956989247312,0.026472580645161288,0.060754301075268816,1.3070827956989248,0.43486881720430104,0.20873602150537635,0.43086881720430104,0.3785,2.5317999999999996,1.2305000000000001,0.4273,0.1294,0.27099999999999996,4.6534,1.3891,0.8350000000000001,1.5772
37.35,244.5722,57.1692,26.4577,8.8468,22.7982,459.6048,169.5493,67.804,97.4171,0.1409433962264151,0.922913962264151,0.21573283018867923,0.09984037735849056,0.033384150943396224,0.08603094339622643,1.7343577358490567,0.639808679245283,0.2558641509433962,0.36761169811320754,0.5103000000000001,3.8062,0.9546,0.4175,0.16119999999999998,0.3589,4.6167,1.9507,0.8326,1.1451
301.4726,164.9705,42.2365,17.911,12.6147,32.5022,255.6133,101.3557,83.925,53.8282,0.9053231231231231,0.49540690690690686,0.12683633633633634,0.05378678678678679,0.03788198198198198,0.09760420420420421,0.7676075075075075,0.3043714714714715,0.252027027027027,0.16164624624624627,4.0137,2.4511999999999996,0.5982000000000001,0.2662,0.2173,0.3736,2.0118,0.6714,1.1231,0.5713
263.6741,141.5131,32.537,11.2676,7.5603,25.0424,203.1152,104.6346,70.2332,55.7063,0.9187250871080139,0.4930770034843206,0.11336933797909407,0.03925993031358885,0.026342508710801394,0.08725574912891987,0.7077184668989547,0.36458048780487806,0.2447149825783972,0.194098606271777,2.5878,1.2915,0.3614,0.14159999999999998,0.0904,0.2686,1.2891000000000001,0.6201,0.6543,0.3906
294.7146,154.324,33.6875,12.6908,8.587,23.956,196.1378,98.7745,81.3834,54.0763,1.1291747126436782,0.59127969348659,0.12907088122605365,0.04862375478927203,0.032900383141762454,0.09178544061302682,0.7514858237547892,0.3784463601532567,0.31181379310344826,0.2071888888888889,2.5977,1.4039000000000001,0.35159999999999997,0.16849999999999998,0.12699999999999997,0.25389999999999996,1.4209,0.6177,0.9131,0.38580000000000003
263.3473,130.0529,26.2225,9.7655,5.6697999999999995,19.191399999999998,195.2331,106.76,66.7443,54.9002,0.7524208571428572,0.3715797142857143,0.07492142857142857,0.02790142857142857,0.01619942857142857,0.054832571428571425,0.5578088571428572,0.3050285714285714,0.19069799999999998,0.15685771428571427,2.3510999999999997,1.2232,0.3003,0.105,0.066,0.1783,1.5917999999999999,0.5737,0.7666000000000001,0.3956
336.3211,197.9624,90.7067,33.7913,11.1385,36.944,324.8836,235.3376,158.4672,101.7043,0.6530506796116505,0.38439300970873785,0.1761295145631068,0.06561417475728155,0.021628155339805825,0.0717359223300971,0.6308419417475728,0.45696621359223305,0.3077033009708738,0.19748407766990292,2.5073,1.587,1.2037,0.36869999999999997,0.1392,0.2662,1.2988000000000002,1.3013000000000001,1.4844,0.4224
189.4996,81.1549,23.9976,7.8083,3.8061,8.2537,117.7317,105.3205,68.5124,35.2317,0.5094075268817204,0.21815833333333332,0.06450967741935483,0.02099005376344086,0.010231451612903225,0.02218736559139785,0.31648306451612906,0.283119623655914,0.1841731182795699,0.09470887096774193,2.5414999999999996,0.9156000000000001,0.3101,0.1319,0.0782,0.12699999999999997,0.9057,0.608,1.1231,0.3076
270.1029,129.611,21.9424,7.4307,5.4602,19.8439,189.5869,103.4526,95.4045,59.0677,0.6166732876712329,0.29591552511415525,0.050096803652968036,0.016965068493150683,0.012466210045662101,0.04530570776255708,0.43284680365296807,0.23619315068493152,0.21781849315068494,0.13485776255707763,2.7051,1.3623,0.29059999999999997,0.1172,0.083,0.1954,1.1303,0.4028,1.0791,0.4468
208.2084,84.0645,10.5598,3.613,2.9976,16.4025,137.6103,76.9867,42.5639,45.6202,0.6486242990654206,0.26188317757009344,0.03289657320872274,0.011255451713395639,0.009338317757009345,0.0510981308411215,0.428692523364486,0.23983395638629282,0.13259781931464173,0.1421190031152648,1.9361,0.6055,0.13679999999999998,0.0489,0.0342,0.18309999999999998,0.9863000000000001,0.40780000000000005,0.4883,0.33699999999999997
118.0202,39.9486,1.7933999999999999,1.2756999999999998,1.2957999999999998,3.5181,126.59909999999999,84.7955,14.5155,28.3337,0.2291654368932039,0.07757009708737864,0.0034823300970873786,0.0024770873786407765,0.0025161165048543685,0.00683126213592233,0.24582349514563107,0.16465145631067962,0.028185436893203884,0.0550168932038835,0.7569,0.3296,0.0391,0.0074,0.0049,0.0415,0.874,0.27349999999999997,0.2417,0.2027
206.8609,75.0248,13.428,4.7647,2.8948,13.6401,124.5577,87.642,48.4563,35.6906,0.7441039568345323,0.269873381294964,0.048302158273381295,0.017139208633093525,0.01041294964028777,0.04906510791366907,0.44804928057553955,0.31525899280575537,0.17430323741007195,0.12838345323741007,1.4697,0.5494,0.1246,0.0586,0.0415,0.1563,1.0669,0.4761,0.46149999999999997,0.2392
77.1049,30.3565,4.331,0.9928999999999999,0.971,1.0372,59.6777,71.6629,46.8995,104.0594,0.19770487179487178,0.07783717948717948,0.011105128205128207,0.0025458974358974354,0.00248974358974359,0.0026594871794871793,0.1530197435897436,0.18375102564102563,0.12025512820512821,0.26681897435897434,0.6104,0.3443,0.0757,0.0049,0.0025,0.009800000000000001,0.6421,0.2612,0.6446000000000001,0.896
65.2255,56.1929,4.5399,0.8024999999999999,0.7978,0.854,56.0178,55.7656,49.6005,105.6939,0.20256366459627329,0.17451211180124224,0.014099068322981367,0.00249223602484472,0.002477639751552795,0.0026521739130434784,0.17396832298136647,0.17318509316770186,0.1540388198757764,0.3282419254658385,0.4737,0.9375,0.0953,0.0074,0.0025,0.014700000000000001,1.0767,0.22209999999999996,0.6299,1.0376
52.4707,21.1896,1.4,0.5616,0.5791,0.6061,22.2088,41.4743,41.8956,96.5383,0.2242337606837607,0.09055384615384615,0.0059829059829059825,0.0024,0.0024747863247863247,0.00259017094017094,0.09490940170940171,0.1772405982905983,0.17904102564102564,0.41255683760683765,0.3711,0.2857,0.0342,0.0,0.0025,0.0049,0.22469999999999998,0.24409999999999998,0.4078,0.9961
250.4108,46.5113,16.9398,2.3535,0.8459,3.9806,50.901,47.163,97.8148,128.462,0.8103909385113268,0.1505220064724919,0.054821359223300975,0.007616504854368932,0.0027375404530744336,0.01288220064724919,0.16472815533980584,0.15263106796116505,0.3165527508090615,0.41573462783171516,1.9263,0.4053,0.1709,0.0318,0.0049,0.0782,0.4346,0.2832,0.8252,1.1792
57.2069,42.7726,3.5236,0.6604,0.6728999999999999,0.7315999999999999,23.5264,29.7357,44.1485,124.3259,0.21109557195571954,0.15783247232472325,0.013002214022140222,0.00243690036900369,0.0024830258302583025,0.0026996309963099627,0.08681328413284133,0.10972583025830258,0.16290959409594094,0.45876715867158674,0.5054000000000001,0.5884,0.0684,0.0025,0.0025,0.0074,0.24170000000000003,0.1709,0.4712,0.9131
59.7267,21.9593,2.5879,0.7804,0.7930999999999999,0.8026,38.3107,41.9502,48.3055,116.7049,0.18723103448275863,0.06883793103448275,0.008112539184952978,0.002446394984326019,0.002486206896551724,0.002515987460815047,0.1200962382445141,0.13150532915360502,0.15142789968652037,0.36584608150470216,0.4175,0.3785,0.0782,0.0049,0.0025,0.0074,0.7324,0.16349999999999998,0.6299,0.8642
59.4541,33.1724,1.4112,0.6194,0.6294,0.6416,27.9244,41.0186,39.3394,121.3133,0.232242578125,0.1295796875,0.0055125,0.00241953125,0.00245859375,0.00250625,0.1090796875,0.16022890625,0.15366953125,0.473880078125,0.5249,0.354,0.0293,0.0025,0.0025,0.0049,0.3808,0.1806,0.38089999999999996,0.8203
36.399,27.5695,1.5104,0.8126,0.7938,0.7955,50.5833,42.0896,27.8612,87.3734,0.11666346153846154,0.08836378205128205,0.004841025641025641,0.0026044871794871794,0.002544230769230769,0.0025496794871794873,0.16212596153846154,0.1349025641025641,0.08929871794871795,0.2800429487179487,0.2784,0.4371,0.0391,0.0122,0.0025,0.014700000000000001,1.1255,0.2051,0.3736,0.9326
56.2765,44.2634,3.6631,0.9338,0.9612999999999999,0.9585999999999999,72.4289,46.042,48.7795,118.3103,0.1454173126614987,0.11437571059431524,0.009465374677002585,0.0024129198966408266,0.0024839793281653745,0.002477002583979328,0.1871547803617571,0.11897157622739019,0.1260452196382429,0.30571136950904393,0.5103000000000001,0.481,0.0806,0.0025,0.0025,0.0049,0.6836000000000001,0.16849999999999998,0.5152,1.0694000000000001
44.0804,44.972,5.8850999999999996,0.7332,0.7185999999999999,0.7133999999999999,50.2446,28.9207,60.8032,146.3156,0.1525273356401384,0.15561245674740484,0.020363667820069202,0.0025370242214532873,0.0024865051903114185,0.0024685121107266435,0.17385674740484428,0.10007162629757785,0.2103916955017301,0.5062823529411764,0.47859999999999997,0.6177,0.0977,0.009800000000000001,0.0025,0.0049,1.0010000000000001,0.1635,0.6836000000000001,1.3280999999999998
37.1481,145.0632,104.0431,22.9945,2.8709,12.2147,401.5267,108.8164,82.4006,83.1273,0.1150095975232198,0.44911207430340555,0.32211486068111456,0.07119040247678018,0.008888235294117646,0.03781640866873065,1.243116718266254,0.3368928792569659,0.2551102167182662,0.25736006191950467,0.3272,1.2354,0.9742000000000001,0.21489999999999998,0.0342,0.1197,3.081,0.7178,0.8570000000000001,0.7152999999999999
10.3941,136.445,28.1958,6.4814,0.6849,0.9766999999999999,186.1689,40.6209,46.2466,40.4073,0.03765978260869565,0.4943659420289855,0.1021586956521739,0.023483333333333332,0.002481521739130435,0.003538768115942029,0.674525,0.14717717391304347,0.16756014492753624,0.1464032608695652,0.1172,1.189,0.3418,0.1172,0.0025,0.0269,1.3794000000000002,0.271,0.5542,0.44189999999999996
16.5739,158.8087,46.2564,10.0124,0.6766,1.9559,214.9616,55.454,51.2971,38.4173,0.06710080971659918,0.6429502024291498,0.18727287449392713,0.04053603238866397,0.0027392712550607288,0.007918623481781377,0.8702898785425102,0.2245101214574899,0.20768056680161945,0.15553562753036437,0.1709,1.46,0.6763,0.16849999999999998,0.0122,0.044,1.7603,0.34909999999999997,0.5225000000000001,0.38089999999999996
23.6106,224.4938,41.6103,7.0288,0.9084,2.6221,201.9727,68.3907,72.2215,47.7491,0.11189857819905213,1.0639516587677724,0.1972052132701422,0.03331184834123223,0.00430521327014218,0.012427014218009479,0.9572165876777251,0.32412654028436017,0.342281990521327,0.2262990521327014,0.23929999999999998,2.0385999999999997,0.6592,0.13679999999999998,0.0245,0.0782,2.3436999999999997,0.6202000000000001,0.9327000000000001,0.5322
17.6363,194.689,26.2075,5.6871,0.9337,5.8754,329.50169999999997,50.9907,54.3586,54.4016,0.049263407821229045,0.5438240223463687,0.07320530726256984,0.015885754189944135,0.0026081005586592178,0.01641173184357542,0.9203958100558658,0.14243212290502794,0.15183966480446928,0.15195977653631285,0.15869999999999998,1.7749000000000001,0.33699999999999997,0.0806,0.0049,0.0806,2.5976999999999997,0.33449999999999996,0.5079,0.5347000000000001
24.3317,225.4617,72.2559,17.3397,2.1854999999999998,10.2639,420.6941,98.1662,95.5595,80.6247,0.08137692307692308,0.7540525083612041,0.24165852842809363,0.0579923076923077,0.0073093645484949826,0.03432742474916388,1.407003678929766,0.32831505016722407,0.31959698996655517,0.26964782608695653,0.2369,1.8677000000000001,0.7373000000000001,0.1709,0.046400000000000004,0.15389999999999998,3.2202,0.8008000000000001,0.8374,0.8154
15.5505,173.714,23.990099999999998,4.4346,0.8533999999999999,3.7442,301.8985,56.6529,60.1639,52.7814,0.04560263929618768,0.5094252199413489,0.07035219941348973,0.013004692082111436,0.002502639296187683,0.010980058651026393,0.8853328445747801,0.16613753665689152,0.17643372434017596,0.1547841642228739,0.1856,1.4991,0.2417,0.0977,0.0025,0.0586,2.2754000000000003,0.3614,0.6543,0.5103
27.3605,260.4335,44.0517,11.149,1.807,4.7372,275.9301,70.9561,90.5189,58.2037,0.11352904564315353,1.0806369294605809,0.18278713692946058,0.04626141078838174,0.007497925311203319,0.01965643153526971,1.144938174273859,0.29442365145228216,0.37559709543568465,0.2415091286307054,0.2784,2.3901999999999997,0.6861,0.1954,0.0415,0.09280000000000001,2.1558,0.5347,0.9424,0.7445999999999999
38.7256,310.0222,28.0085,3.7396,0.8516999999999999,3.0141,285.6297,88.7361,108.4085,56.7842,0.13732482269503546,1.0993695035460993,0.0993209219858156,0.013260992907801418,0.0030202127659574463,0.010688297872340425,1.0128712765957448,0.31466702127659574,0.38442730496453903,0.20136241134751773,0.5274000000000001,2.1289,0.2662,0.0513,0.014700000000000001,0.0586,1.8530000000000002,0.5884,0.7666000000000001,0.4712
26.4894,249.8633,52.0941,12.5862,1.1325,4.6704,292.49399999999997,90.41329999999999,86.8483,66.9584,0.09102886597938144,0.8586367697594502,0.17901752577319588,0.04325154639175258,0.003891752577319588,0.016049484536082473,1.0051340206185566,0.31069862542955323,0.29844776632302406,0.2300975945017182,0.27099999999999996,1.8702,0.5274000000000001,0.15869999999999998,0.0415,0.0904,2.2803,0.5957,0.7300000000000001,0.6714
99.5356,109.9252,38.0636,41.029,21.3578,14.8635,129.0944,181.2927,82.7525,37.8876,0.3169923566878981,0.35008025477707005,0.12122165605095542,0.13066560509554143,0.06801847133757963,0.047335987261146496,0.4111286624203822,0.5773652866242038,0.26354299363057326,0.12066114649681528,1.2232,1.2232,0.28809999999999997,0.36869999999999997,0.25389999999999996,0.19779999999999998,0.7227,1.7261,1.0474,0.3711
145.5886,167.1585,44.0807,43.4933,22.8985,16.1607,108.3919,217.5829,150.3817,37.2089,0.43073550295857993,0.49455177514792903,0.13041627218934912,0.1286784023668639,0.06774704142011834,0.04781272189349112,0.3206860946745562,0.6437363905325444,0.4449162721893491,0.11008550295857988,1.4624000000000001,1.5381,0.3663,0.33699999999999997,0.2686,0.19049999999999997,1.2768000000000002,1.9336000000000002,1.7945,0.4541
151.9299,106.30330000000001,39.3032,41.3145,26.3391,16.5384,88.9583,234.973,112.8142,29.6446,0.35168958333333333,0.24607245370370373,0.09097962962962962,0.09563541666666667,0.060970138888888886,0.03828333333333333,0.20592199074074072,0.5439189814814815,0.2611439814814815,0.06862175925925926,1.4258,1.1768,0.3077,0.3028,0.2759,0.16119999999999998,0.669,1.748,1.0108000000000001,0.1709
128.5577,215.4303,44.5436,40.5881,23.3335,15.184,90.9085,210.6897,188.8012,27.6814,0.31979527363184085,0.5358962686567164,0.1108049751243781,0.10096542288557213,0.05804353233830846,0.03777114427860696,0.2261405472636816,0.5241037313432836,0.4696547263681592,0.06885920398009951,1.1792,1.9312,0.29059999999999997,0.24659999999999999,0.23199999999999998,0.1661,0.6275000000000001,1.5064,1.8287,0.1807
140.4341,108.4459,37.2962,39.5526,18.9809,12.104,65.6973,180.0714,114.5497,21.715,0.3967064971751412,0.30634435028248586,0.10535649717514124,0.11173050847457626,0.0536183615819209,0.034192090395480226,0.185585593220339,0.5086762711864408,0.3235867231638418,0.06134180790960452,1.4429,1.2647,0.3321,0.4053,0.2832,0.19049999999999997,0.6397,1.8262,1.5357,0.2027
103.6101,140.224,27.6021,28.9037,17.9746,12.6162,61.056,174.0964,130.9512,22.7086,0.29687707736389685,0.4017879656160458,0.07908911174785101,0.08281862464183382,0.05150315186246418,0.036149570200573064,0.17494555873925502,0.49884355300859595,0.3752183381088825,0.0650676217765043,1.4112,1.3428,0.2369,0.19779999999999998,0.2173,0.15869999999999998,0.5738000000000001,1.6821000000000002,1.3575000000000002,0.1954
95.0395,88.9858,21.6362,16.6137,8.2203,6.6715,52.3858,145.9872,89.1937,21.6114,0.26109752747252746,0.2444664835164835,0.059440109890109886,0.045642032967032974,0.022583241758241758,0.018328296703296703,0.14391703296703298,0.40106373626373626,0.2450376373626374,0.05937197802197802,0.7251000000000001,0.6739,0.25639999999999996,0.1929,0.1246,0.105,0.4639,1.1084,0.8033,0.16849999999999998
99.6509,92.7196,23.4012,22.0461,14.0335,9.479,56.0598,154.1325,106.5732,22.0393,0.3038137195121951,0.28268170731707315,0.0713451219512195,0.06721371951219512,0.04278506097560976,0.028899390243902437,0.17091402439024392,0.46991615853658536,0.3249182926829268,0.06719298780487805,1.2452,0.8887,0.2344,0.21,0.2027,0.14409999999999998,0.5201,1.4673,0.9156000000000001,0.188
118.7796,103.65820000000001,21.0477,22.1592,12.393699999999999,8.788,54.8657,147.0867,96.4743,18.6246,0.38564805194805196,0.3365525974025974,0.0683366883116883,0.07194545454545453,0.040239285714285714,0.028532467532467534,0.1781353896103896,0.47755422077922083,0.31322824675324673,0.06046948051948052,1.1475,1.1646,0.2002,0.2662,0.1856,0.1392,0.45899999999999996,1.1083999999999998,1.1646,0.20509999999999998
95.65090000000001,76.0566,21.3257,21.059,11.369,8.825,54.6679,132.9455,80.0954,26.5102,0.3055939297124601,0.2429923322683706,0.0681332268370607,0.06728115015974441,0.03632268370607029,0.028194888178913736,0.17465782747603834,0.4247460063897764,0.2558958466453674,0.08469712460063898,1.2696,1.1353,0.23199999999999998,0.22469999999999998,0.22469999999999998,0.16849999999999998,0.6226,1.5332000000000001,1.2427000000000001,0.27099999999999996
27.1652,4.1124,37.9306,54.2978,4.6452,1.8168,59.7515,97.588,12.5645,35.2565,0.1234781818181818,0.018692727272727274,0.17241181818181817,0.24680818181818182,0.021114545454545455,0.008258181818181817,0.2715977272727273,0.44358181818181813,0.05711136363636364,0.1602568181818182,0.6421,0.28809999999999997,0.7032,0.7569,0.0562,0.0342,0.5322,0.7837,0.23199999999999998,0.4029
40.4627,8.6207,57.483399999999996,156.5692,11.2629,4.1687,58.2281,100.6528,12.5012,57.9346,0.12804651898734176,0.027280696202531644,0.18190949367088607,0.49547215189873417,0.035642088607594935,0.013192088607594937,0.18426613924050633,0.31852151898734177,0.03956075949367089,0.1833373417721519,0.7984,0.2442,1.0865,2.6220999999999997,0.188,0.0782,0.6201,1.0523,0.2369,0.8252
45.7839,11.1571,68.8795,163.9614,13.1511,6.0579,81.1523,125.9505,24.7193,45.4199,0.1999296943231441,0.048720960698689954,0.3007838427947598,0.7159886462882096,0.05742838427947598,0.026453711790393013,0.3543768558951965,0.5500021834061135,0.10794454148471616,0.19834017467248907,0.7471000000000001,0.24659999999999999,1.1426,2.4903,0.21239999999999998,0.1172,0.8326,1.1303999999999998,0.7105,0.4883
50.0362,18.1843,110.383,229.1923,22.8973,9.7352,101.4156,142.4678,50.3676,53.3058,0.1558760124610592,0.056648909657320876,0.3438722741433022,0.7139947040498442,0.07133115264797509,0.03032772585669782,0.31593644859813086,0.4438249221183801,0.15690841121495328,0.16606168224299064,0.9473,0.42,2.1534,4.6607,0.4248,0.188,1.0864,1.5210000000000001,1.0596,0.5029
31.9908,19.7591,100.4185,237.4784,21.4769,8.0594,58.6545,73.9048,31.0756,46.5187,0.1012367088607595,0.06252879746835444,0.3177800632911392,0.7515139240506329,0.06796487341772152,0.025504430379746836,0.18561550632911392,0.23387594936708858,0.09834050632911392,0.1472110759493671,0.6104,0.4493,1.8091000000000002,4.2945,0.3418,0.15139999999999998,0.6104,0.7495,0.5982000000000001,0.3296
36.7273,14.2302,64.1408,170.2616,17.1436,7.4058,77.9394,76.7557,15.0125,54.3036,0.10898308605341246,0.04222611275964391,0.1903287833827893,0.5052272997032641,0.05087121661721068,0.02197566765578635,0.23127418397626115,0.22776172106824927,0.04454747774480712,0.16113827893175076,0.7373000000000001,0.30519999999999997,1.1182,3.6572999999999998,0.2369,0.1148,0.8301,0.7471,0.2784,0.7129
70.3819,26.915399999999998,120.7438,368.40749999999997,28.5076,13.233,99.5549,132.9156,31.250799999999998,62.1899,0.3156139013452915,0.12069686098654708,0.5414520179372198,1.6520515695067264,0.12783677130044843,0.0593408071748879,0.4464345291479821,0.5960340807174889,0.14013811659192824,0.2788784753363229,1.1768,0.4566,1.7041,4.6607,0.44189999999999996,0.2002,1.0644,1.5014999999999998,0.5787,0.8277
51.5047,10.8359,57.9421,148.0682,13.2604,8.0636,102.8418,121.2499,11.8462,93.3298,0.1392018918918919,0.02928621621621622,0.1566002702702703,0.4001843243243243,0.03583891891891892,0.02179351351351351,0.27795081081081086,0.3277024324324324,0.032016756756756755,0.2522427027027027,0.7959,0.2027,0.9327000000000001,2.2388,0.16119999999999998,0.0977,0.9986,1.1548,0.23929999999999998,0.9034
19.0603,5.4491,33.018,80.6648,8.325,4.6777,94.9755,62.341,13.8457,71.3767,0.0612871382636656,0.017521221864951766,0.10616720257234727,0.259372347266881,0.026768488745980704,0.015040836012861736,0.30538745980707394,0.2004533762057878,0.04451993569131833,0.22950707395498393,0.5835,0.18309999999999998,0.5616,1.2232,0.1026,0.0586,1.1035,0.6201,0.5640000000000001,0.8398
39.9361,7.7512,37.6526,91.457,9.9629,5.4571,83.0012,78.7268,8.0369,71.9213,0.1082279132791328,0.021005962059620596,0.10203956639566396,0.24785094850948508,0.02699972899728997,0.014788888888888888,0.22493550135501356,0.21335176151761517,0.02178021680216802,0.19490867208672089,0.9644,0.22469999999999998,0.7349,1.6016000000000001,0.16119999999999998,0.0757,0.8667,1.0035,0.2515,1.1817
92.1721,58.4507,23.8167,24.7519,18.4991,13.3344,60.274,142.0948,53.6076,47.1309,0.45182401960784313,0.2865230392156863,0.11674852941176471,0.1213328431372549,0.09068186274509803,0.06536470588235295,0.2954607843137255,0.6965431372549019,0.26278235294117647,0.23103382352941174,1.5772,1.0425,0.29059999999999997,0.3003,0.315,0.24659999999999999,0.8106,1.7334,0.9327000000000001,0.5298
79.3025,51.1565,18.0243,19.4814,14.8704,11.4331,62.0781,140.8539,46.9567,33.6116,0.34935022026431717,0.2253590308370044,0.07940220264317181,0.08582114537444935,0.06550837004405287,0.05036607929515418,0.27347180616740085,0.6205017621145374,0.2068577092511013,0.14806872246696037,1.1109,1.0376,0.29059999999999997,0.2955,0.25639999999999996,0.1929,0.7837000000000001,1.6796,1.1280000000000001,0.4028
77.6525,87.5663,14.6591,14.7323,12.4556,10.2214,85.6546,146.7824,62.3743,39.6224,0.26233952702702706,0.2958320945945946,0.04952398648648649,0.04977128378378379,0.04207972972972973,0.03453175675675675,0.2893736486486487,0.4958864864864865,0.2107239864864865,0.13385945945945946,1.2696,1.2256,0.27099999999999996,0.27099999999999996,0.2417,0.20509999999999998,0.9156000000000001,1.9481999999999997,1.1426,0.5054
61.2207,69.4309,11.8011,13.8282,10.3581,8.6598,61.6187,115.4884,35.5928,34.2968,0.25508625,0.28929541666666664,0.04917125,0.0576175,0.04315875,0.0360825,0.25674458333333333,0.48120166666666664,0.14830333333333331,0.14290333333333333,1.1329,0.7837000000000001,0.2271,0.23199999999999998,0.20759999999999998,0.16849999999999998,0.6665,1.3818,0.4737,0.3711
79.36449999999999,57.6778,12.4455,12.7908,11.2973,9.1012,65.0483,129.2534,39.6702,28.453,0.27273024054982814,0.19820549828178693,0.0427680412371134,0.043954639175257736,0.03882233676975945,0.03127560137457045,0.223533676975945,0.44416975945017184,0.13632371134020618,0.09777663230240549,1.1475,0.7544000000000001,0.21,0.2271,0.19779999999999998,0.15869999999999998,0.6641,1.3599,0.6421,0.4078
86.8518,114.396,18.4237,16.805,14.0654,11.0869,80.4786,109.3384,101.79260000000001,25.2021,0.3912243243243243,0.5152972972972973,0.08298963963963964,0.0756981981981982,0.06335765765765766,0.04994099099099099,0.3625162162162162,0.4925153153153153,0.45852522522522526,0.11352297297297298,1.4478,1.7066000000000001,0.41259999999999997,0.3321,0.2588,0.2002,1.0352000000000001,1.4282,1.9751,0.4248
102.0033,97.4483,17.0099,17.5535,13.8439,10.7337,88.7081,132.2042,71.2028,35.1631,0.29825526315789475,0.28493654970760235,0.049736549707602336,0.051326023391812865,0.04047923976608187,0.031385087719298245,0.25938040935672513,0.38656198830409355,0.20819532163742688,0.10281608187134503,1.2793,0.9595,0.2173,0.2271,0.19779999999999998,0.15139999999999998,0.6495000000000001,1.2745,0.9253,0.2564
100.1345,169.2448,20.0261,17.3252,14.1496,9.9895,79.5953,111.3084,129.3953,25.168,0.36149638989169675,0.6109920577617328,0.07229638989169675,0.06254584837545125,0.051081588447653425,0.03606317689530686,0.2873476534296029,0.40183537906137184,0.4671310469314079,0.09085920577617328,1.2647,1.7456,0.3247,0.2784,0.2369,0.1563,0.6446000000000001,1.3135,1.6480000000000001,0.36619999999999997
82.6497,143.9829,15.2685,14.9418,10.9681,9.762,104.9043,105.3512,75.1763,34.6414,0.2692172638436482,0.468999674267101,0.049734527687296415,0.048670358306188925,0.03572671009771987,0.031798045602605865,0.3417078175895766,0.34316351791530947,0.24487394136807816,0.11283843648208468,1.4649,0.9717,0.29059999999999997,0.25639999999999996,0.2173,0.1734,0.8130000000000001,1.4722,1.0303,0.2784
103.5751,130.3512,21.5706,20.2663,15.3599,11.6906,109.842,113.0864,99.8771,32.8885,0.28931592178770954,0.36410949720670394,0.060253072625698324,0.05660977653631285,0.04290474860335195,0.032655307262569835,0.3068212290502793,0.31588379888268153,0.27898631284916203,0.09186731843575419,1.1939,1.0523,0.2344,0.2588,0.1929,0.15869999999999998,0.7496,1.211,1.0205,0.4809999999999999
28.0847,79.2956,39.6339,13.5948,1.3012,0.8828999999999999,96.3212,42.3775,44.9424,33.3665,0.08459246987951807,0.23884216867469876,0.11937921686746987,0.04094819277108434,0.003919277108433735,0.00265933734939759,0.2901240963855422,0.1276430722891566,0.13536867469879518,0.1005015060240964,0.7398,0.7691,0.9253,0.3663,0.0538,0.014700000000000001,0.8545,0.4737,0.6861,0.38330000000000003
23.3138,86.876,32.5301,22.8247,1.2731,1.0354999999999999,95.8591,48.1563,31.5385,39.8157,0.05577464114832536,0.20783732057416268,0.0778232057416268,0.054604545454545454,0.003045693779904306,0.002477272727272727,0.229327990430622,0.11520645933014355,0.07545095693779905,0.09525287081339713,0.5372,1.1475,0.4834,0.3614,0.0342,0.0049,0.6568,0.33930000000000005,0.4371,0.22699999999999998
51.6862,165.5656,57.9918,26.0876,1.2692999999999999,0.9121999999999999,98.2939,65.7059,64.1906,33.7066,0.1498150724637681,0.47990028985507244,0.16809217391304349,0.07561623188405797,0.0036791304347826084,0.0026440579710144923,0.28490985507246375,0.190451884057971,0.18605971014492756,0.09770028985507247,1.0010000000000001,1.6846,0.8912,0.3858,0.0293,0.0074,1.0156,0.6592,0.6861,0.3198
70.4801,121.8817,55.28,20.7279,1.6934,1.2381,68.0156,62.6996,49.2694,36.8733,0.1835419270833333,0.31740026041666664,0.14395833333333333,0.05397890625000001,0.004409895833333333,0.00322421875,0.17712395833333336,0.16328020833333332,0.12830572916666666,0.09602421875,1.1475,1.3672,0.9888,0.41259999999999997,0.0367,0.0342,0.6543,0.5762,0.7080000000000001,0.3906
71.0221,229.1804,117.6365,46.4561,3.0618,1.5391,65.3045,85.1392,142.4152,41.1111,0.14704368530020703,0.4744935817805383,0.24355383022774327,0.0961824016563147,0.0063391304347826085,0.003186542443064182,0.13520600414078676,0.17627163561076606,0.29485548654244303,0.08511614906832299,0.9205000000000001,1.6163,1.9165,0.6519,0.0708,0.0391,0.6372,0.5347000000000001,1.7115,0.22949999999999998
61.9004,237.6499,61.5959,24.8998,1.1923,0.957,59.3521,78.9234,81.0292,38.2956,0.1646287234042553,0.6320476063829787,0.1638188829787234,0.06622287234042552,0.003171010638297872,0.0025452127659574466,0.15785132978723404,0.20990265957446808,0.2155031914893617,0.10185,0.5689000000000001,2.2217,0.8716,0.36869999999999997,0.0318,0.0074,0.5445000000000001,0.4834,1.0596,0.19540000000000002
86.9409,221.4949,116.983,44.8365,3.4103,1.1846999999999999,48.565,107.0385,127.778,41.3305,0.2642580547112462,0.6732367781155015,0.3555714285714286,0.13628115501519758,0.010365653495440729,0.003600911854103343,0.14761398176291793,0.3253449848024316,0.38838297872340427,0.12562462006079028,1.1524,2.0923,1.8897,0.7251000000000001,0.0782,0.014700000000000001,0.4346,0.6934,1.6529,0.3247
37.6217,142.0981,75.414,34.3035,2.0404,1.2541,67.9589,76.5166,82.7614,35.1986,0.12175307443365695,0.45986440129449835,0.24405825242718446,0.11101456310679611,0.0066032362459546926,0.004058576051779935,0.21993171521035598,0.24762653721682848,0.2678362459546925,0.11391132686084142,0.8081,1.5625,1.3062,0.6812,0.066,0.044,0.791,0.7642,0.8155,0.35879999999999995
43.3935,78.2985,69.6816,56.7973,3.7611,1.5514,64.9488,72.3921,61.2796,36.7896,0.14512876254180604,0.26186789297658863,0.23304882943143815,0.18995752508361205,0.012578929765886288,0.0051886287625418056,0.21722006688963214,0.24211404682274248,0.2049484949832776,0.12304214046822742,0.8448,0.9717,1.0181,0.9839,0.0855,0.0342,0.7177,0.625,0.8985000000000001,0.34419999999999995
58.368900000000004,102.7483,122.1068,78.0632,4.8277,1.6209,68.2885,107.5396,84.9006,40.4053,0.1774130699088146,0.3123048632218845,0.37114528875379943,0.23727416413373859,0.01467386018237082,0.004926747720364741,0.20756382978723403,0.32686808510638293,0.2580565349544073,0.12281246200607902,0.5957,1.4893,1.6407,0.9497,0.0977,0.0293,0.6641,0.6177,0.8887,0.5126999999999999
55.563,159.3062,134.3567,37.5768,2.4589,2.5216,108.3571,127.1925,131.9022,54.9839,0.11068326693227092,0.3173430278884462,0.26764282868525896,0.07485418326693227,0.004898207171314741,0.0050231075697211155,0.21585079681274902,0.2533715139442231,0.2627533864541833,0.1095296812749004,0.774,1.9971,2.4072999999999998,0.3614,0.0586,0.0586,1.0181,0.7251,1.4478,0.376
68.8994,375.9329,311.1254,120.1799,12.4231,2.9074,53.0223,97.0272,304.4888,18.6191,0.2417522807017544,1.3190628070175439,1.0916680701754387,0.4216838596491228,0.043589824561403506,0.01020140350877193,0.18604315789473685,0.34044631578947365,1.068381754385965,0.06533017543859648,0.7227,4.6607,4.065,2.0606,0.3125,0.083,0.8936000000000001,0.7569,4.6558,0.07569999999999999
51.5165,145.5316,203.844,44.4618,4.4098,1.2509,53.820100000000004,62.1994,133.1319,17.419,0.16149373040752352,0.45621191222570534,0.6390094043887147,0.13937868338557993,0.013823824451410657,0.003921316614420063,0.1687150470219436,0.19498244514106583,0.4173413793103448,0.05460501567398119,0.5616,2.2535,3.0982,0.7251000000000001,0.0953,0.0391,1.0865,0.3784,1.5967,0.1074
102.3726,351.2457,398.8731,179.7969,19.912,4.5711,54.1088,129.173,340.5044,21.6921,0.28675798319327733,0.983881512605042,1.1172915966386556,0.5036327731092437,0.055775910364145656,0.01280420168067227,0.15156526610644258,0.36182913165266106,0.9537938375350139,0.060762184873949576,0.9571000000000001,4.6582,4.6534,2.1119,0.2759,0.0806,0.7056,0.8667,4.6534,0.1001
63.4963,183.4502,229.5805,70.4214,7.0531,1.4761,68.6691,78.7046,177.4844,16.782700000000002,0.2267725,0.6551792857142857,0.8199303571428571,0.25150500000000003,0.025189642857142855,0.005271785714285714,0.2452467857142857,0.28108785714285717,0.6338728571428571,0.059938214285714296,0.6787,3.1153,3.4741999999999997,1.1622000000000001,0.1783,0.0415,1.189,0.5005000000000001,2.5414999999999996,0.15380000000000002
47.0707,112.5327,154.6339,38.3062,2.7161999999999997,0.7507999999999999,58.7866,66.0458,126.4177,17.5881,0.16691737588652483,0.3990521276595745,0.5483471631205674,0.13583758865248227,0.00963191489361702,0.0026624113475177302,0.2084631205673759,0.2342049645390071,0.4482897163120567,0.06236914893617022,0.5787,2.1191999999999998,2.6563,0.6910000000000001,0.0635,0.009800000000000001,0.918,0.3345,1.7456,0.06839999999999999
61.1035,87.0377,100.0309,36.7441,1.2049999999999998,1.3034,103.8067,76.0551,103.3478,20.9472,0.19710806451612903,0.2807667741935484,0.32268032258064516,0.11852935483870969,0.003887096774193548,0.004204516129032258,0.3348603225806452,0.2453390322580645,0.33338,0.0675716129032258,0.5640000000000001,1.5943,0.9351,0.3443,0.022000000000000002,0.0245,1.5845,0.4272,0.8936000000000001,0.17579999999999998
76.6181,413.7448,299.0769,131.0344,13.6261,4.9928,143.1104,111.1917,315.9545,24.9439,0.25286501650165016,1.365494389438944,0.9870524752475248,0.43245676567656766,0.04497062706270627,0.01647788778877888,0.4723115511551155,0.3669693069306931,1.0427541254125412,0.08232310231023102,0.7788,4.6607,3.9966,2.2315,0.2662,0.0684,1.6455000000000002,0.5030000000000001,4.274900000000001,0.188
53.174,273.4004,202.754,81.4037,6.2373,1.3261,82.0066,59.9354,221.5589,19.7997,0.18272852233676976,0.9395202749140893,0.6967491408934707,0.2797378006872852,0.0214340206185567,0.004557044673539519,0.28180962199312715,0.20596357388316153,0.7613707903780068,0.06804020618556701,0.5469,4.399500000000001,2.6807,1.2452,0.1123,0.0245,1.1302999999999999,0.3222,3.4375,0.1074
48.2976,248.0558,212.2937,65.9627,7.5492,2.1376,63.3468,66.7551,185.4264,15.6008,0.2555428571428572,1.3124645502645502,1.1232470899470899,0.3490089947089947,0.03994285714285714,0.011310052910052909,0.335168253968254,0.3532015873015873,0.9810920634920635,0.08254391534391534,0.6788000000000001,4.6607,4.458,1.5699,0.188,0.0342,1.0401,0.5589999999999999,4.6558,0.1391
57.4905,38.4417,17.6364,14.9043,11.7532,30.3716,427.8053,214.6438,20.2743,25.4031,0.26013800904977374,0.1739443438914027,0.07980271493212669,0.06744027149321266,0.05318190045248869,0.13742805429864255,1.935770588235294,0.9712389140271493,0.09173891402714932,0.11494615384615384,0.7251000000000001,1.0205,0.2784,0.1661,0.22949999999999998,0.6031000000000001,4.6069,3.1226,0.6446000000000001,0.1489
40.7561,60.0768,19.1475,12.2964,2.5846999999999998,9.2542,310.4813,136.9486,26.0724,26.9333,0.15982784313725493,0.23559529411764704,0.07508823529411765,0.04822117647058824,0.010136078431372549,0.03629098039215686,1.217573725490196,0.5370533333333334,0.10224470588235293,0.10562078431372549,0.3125,0.8545,0.3077,0.1856,0.0415,0.1099,2.6635000000000004,0.9155000000000001,0.481,0.1684
30.4218,12.0795,5.8613,5.8784,1.7457,7.4145,229.0425,100.1197,8.9051,21.3232,0.1448657142857143,0.05752142857142857,0.02791095238095238,0.027992380952380953,0.008312857142857143,0.035307142857142856,1.0906785714285714,0.4767604761904762,0.04240523809523809,0.10153904761904761,0.3003,0.4712,0.25639999999999996,0.1807,0.0367,0.1172,2.8466,1.1206,0.42969999999999997,0.1807
31.8742,14.917,4.1009,4.1686,2.6688,9.5046,286.3863,128.80180000000001,4.8791,25.0959,0.17045026737967914,0.07977005347593583,0.021929946524064173,0.022291978609625666,0.014271657754010696,0.05082673796791444,1.5314775401069518,0.6887796791443851,0.02609144385026738,0.13420267379679143,0.24659999999999999,0.44439999999999996,0.1148,0.1123,0.0586,0.15869999999999998,3.1177,1.2866,0.1807,0.22460000000000002
23.2746,27.1667,4.2525,2.19,1.2357,6.5408,280.005,111.1936,9.5837,21.0321,0.12185654450261779,0.14223403141361257,0.022264397905759164,0.011465968586387435,0.006469633507853403,0.03424502617801047,1.4659947643979057,0.5821654450261781,0.05017643979057592,0.11011570680628271,0.2099,0.4908,0.09280000000000001,0.0855,0.0245,0.0904,2.5562,1.145,0.21239999999999998,0.1855
32.3368,15.5781,7.968,4.0289,1.9333,8.215,265.82,110.5978,8.6234,18.6934,0.16008316831683167,0.07711930693069306,0.039445544554455446,0.019945049504950497,0.009570792079207921,0.04066831683168317,1.315940594059406,0.5475138613861387,0.04269009900990099,0.09254158415841585,0.35400000000000004,0.6080000000000001,0.3272,0.16119999999999998,0.0538,0.1465,2.8931,1.1328,0.2808,0.1465
29.4291,10.8656,2.8524,1.5987,1.3035,6.5484,269.8298,116.0137,2.4994,20.8987,0.15737486631016043,0.058104812834224605,0.015253475935828877,0.008549197860962567,0.006970588235294118,0.035018181818181816,1.4429401069518715,0.6203941176470589,0.01336577540106952,0.1117577540106952,0.2783,0.36869999999999997,0.0708,0.046400000000000004,0.022000000000000002,0.09280000000000001,2.3877,1.1499,0.13679999999999998,0.17579999999999998
42.597,14.4656,8.8739,7.3065999999999995,8.7465,24.9431,476.3327,185.8232,7.5124,36.2401,0.16446718146718148,0.05585173745173745,0.034262162162162164,0.02821081081081081,0.03377027027027027,0.09630540540540541,1.8391223938223937,0.7174640926640927,0.02900540540540541,0.139923166023166,0.5127,0.2979,0.1148,0.1172,0.1636,0.4224,4.5874,2.0776000000000003,0.1075,0.36369999999999997
57.3581,14.5719,9.8406,9.3017,10.9023,28.4146,425.0851,201.7581,7.1228,25.3415,0.3100437837837838,0.07876702702702702,0.053192432432432435,0.05027945945945946,0.05893135135135135,0.15359243243243242,2.2977572972972973,1.0905843243243245,0.03850162162162162,0.1369810810810811,1.2891000000000001,0.39549999999999996,0.17579999999999998,0.1661,0.23199999999999998,0.5689000000000001,4.58,3.0445,0.15139999999999998,0.2442
47.8957,12.177999999999999,9.9558,5.3734,1.5587,7.6023,261.5942,134.2239,10.6511,19.2111,0.25208263157894734,0.06409473684210526,0.05239894736842105,0.02828105263157895,0.008203684210526316,0.04001210526315789,1.3768115789473685,0.7064415789473684,0.05605842105263158,0.10111105263157893,0.4126,0.4834,0.5640000000000001,0.15139999999999998,0.0293,0.1075,2.4731,1.1157000000000001,0.6397,0.1758
128.117,47.2852,21.1201,21.4298,28.0482,87.4846,583.1373,374.6905,20.3846,54.9543,0.4464006968641115,0.16475679442508712,0.07358919860627178,0.07466829268292682,0.09772891986062718,0.30482439024390245,2.031837282229965,1.30554181184669,0.07102648083623693,0.19147839721254356,1.6626,0.6495000000000001,0.3394,0.3492,0.4664,1.482,4.597099999999999,4.5263,0.315,0.4126
100.3998,44.9013,18.968799999999998,19.3535,20.9171,53.9808,412.4462,300.9932,15.3668,48.0545,0.5175247422680412,0.23145,0.09777731958762885,0.09976030927835051,0.10782010309278352,0.2782515463917526,2.1260113402061855,1.5515113402061855,0.07921030927835052,0.24770360824742266,1.5235,0.8497,0.44189999999999996,0.4224,0.3882,0.9400000000000001,4.6045,4.1236,0.2979,0.6665
93.0085,37.2905,13.4587,12.8437,13.6251,40.7208,534.1777,327.5613,11.3643,38.6968,0.394103813559322,0.158010593220339,0.05702838983050847,0.05442245762711864,0.05773347457627118,0.1725457627118644,2.2634648305084744,1.3879716101694917,0.04815381355932204,0.16396949152542376,0.8984,0.3711,0.24659999999999999,0.2002,0.19049999999999997,0.4688,4.5581,2.9394,0.12699999999999997,0.2881
90.5491,28.1231,7.1435,7.7808,10.9062,35.7069,454.9638,333.8748,8.411,37.1884,0.28929424920127794,0.08985015974440895,0.02282268370607029,0.024858785942492013,0.03484408945686901,0.11407955271565494,1.453558466453674,1.0666926517571884,0.02687220447284345,0.11881277955271566,0.8374,0.2979,0.1246,0.1148,0.15139999999999998,0.4175,4.1162,2.6611,0.1246,0.2051
86.547,33.3732,5.2705,5.5656,7.7046,28.6693,430.676,268.3672,8.5822,41.5446,0.29843793103448274,0.11507999999999999,0.018174137931034482,0.019191724137931035,0.026567586206896553,0.0988596551724138,1.4850896551724138,0.9254041379310346,0.029593793103448278,0.14325724137931034,0.8497,0.39799999999999996,0.1001,0.1026,0.1294,0.3663,4.5386,2.605,0.13679999999999998,0.293
91.2566,43.1545,14.2057,13.9597,13.4878,42.4456,572.7331,358.5478,12.0523,41.615899999999996,0.35370775193798454,0.16726550387596897,0.055060852713178295,0.05410736434108527,0.052278294573643413,0.16451782945736435,2.2198957364341085,1.3897201550387597,0.04671434108527132,0.1613019379844961,0.7446,0.4541,0.3272,0.293,0.16119999999999998,0.4468,4.518999999999999,3.1591,0.15139999999999998,0.22460000000000002
105.30330000000001,45.3471,25.6957,22.0309,14.7521,42.0038,469.79019999999997,340.8115,16.4792,37.5346,0.4405995815899582,0.189736820083682,0.10751338912133891,0.09217949790794978,0.06172426778242678,0.1757481171548117,1.965649372384937,1.4259895397489541,0.06895062761506275,0.15704853556485354,1.1254000000000002,0.49809999999999993,0.4737,0.3418,0.2491,0.6714,4.5653999999999995,3.8184,0.21,0.2905
105.8594,45.5179,24.8392,23.7034,20.4939,55.7072,501.2352,351.6524,22.8249,32.0065,0.5571547368421053,0.2395678947368421,0.13073263157894738,0.12475473684210525,0.10786263157894736,0.2931957894736842,2.63808,1.8508021052631578,0.12013105263157894,0.16845526315789475,1.2964,0.6397,0.5347000000000001,0.39799999999999996,0.3077,0.8912,4.5484,4.2114,0.33699999999999997,0.3174
148.6427,49.5332,12.3148,11.4946,18.9543,56.6309,535.4344,469.4672,14.8393,52.7099,0.5107996563573883,0.1702171821305842,0.042318900343642614,0.039500343642611686,0.06513505154639175,0.19460790378006873,1.8399807560137456,1.6132893470790377,0.05099415807560137,0.181133676975945,1.0473,0.4102,0.1319,0.1221,0.1734,0.4834,4.5142,3.4082,0.1563,0.37839999999999996
133.0982,75.5414,12.8799,12.3429,16.2357,59.4335,499.7582,399.6975,24.5408,57.2202,0.37178268156424576,0.2110094972067039,0.035977374301675975,0.03447737430167598,0.04535111731843576,0.16601536312849163,1.395972625698324,1.1164734636871507,0.06854972067039107,0.15983296089385474,1.0352000000000001,0.6031000000000001,0.13429999999999997,0.1172,0.1709,0.6788000000000001,4.1015999999999995,3.3643,0.2588,0.3565
88.306,83.8801,185.1073,138.1286,12.6384,9.5218,65.8375,126.7366,137.4131,37.0974,0.289527868852459,0.2750167213114754,0.6069091803278689,0.4528806557377049,0.04143737704918033,0.031219016393442624,0.21586065573770494,0.41552983606557375,0.45053475409836063,0.12163081967213114,0.7569,1.5723,1.5039,1.1109,0.15139999999999998,0.16849999999999998,0.6885,0.8618,1.2598,0.3613
97.9645,80.6842,139.0041,105.0572,10.4785,12.5583,78.3293,137.9931,78.1967,51.5554,0.24614195979899497,0.2027241206030151,0.3492565326633166,0.26396281407035177,0.026327889447236182,0.03155351758793969,0.1968072864321608,0.34671633165829147,0.19647412060301508,0.1295361809045226,0.7666000000000001,1.6089,1.0498,0.8643000000000001,0.15389999999999998,0.21239999999999998,0.9131,0.8594,0.896,0.5054000000000001
87.3953,77.2324,169.323,127.58239999999999,13.3534,21.3128,124.9123,124.4459,132.0093,47.7366,0.24276472222222223,0.21453444444444444,0.4703416666666667,0.3543955555555555,0.03709277777777778,0.05920222222222222,0.3469786111111111,0.34568305555555556,0.3666925,0.13260166666666667,0.8545,0.9034000000000001,1.3233000000000001,1.2574,0.21239999999999998,0.3296,1.0645,0.6494,1.3306,0.39299999999999996
105.6036,119.7671,156.8247,119.1571,11.6677,11.8028,81.8653,153.7242,113.3932,41.5974,0.31617844311377247,0.3585841317365269,0.4695350299401198,0.3567577844311377,0.03493323353293413,0.0353377245508982,0.2451056886227545,0.4602520958083832,0.3395005988023952,0.1245431137724551,1.0278999999999998,1.4747000000000001,1.5284,1.1841000000000002,0.1783,0.2002,0.879,0.9424000000000001,1.2403,0.476
95.0989,121.4097,130.3788,72.7692,6.9762,8.4513,81.0953,147.4536,96.5969,40.2054,0.2686409604519774,0.34296525423728813,0.3683016949152543,0.20556271186440678,0.01970677966101695,0.02387372881355932,0.2290827683615819,0.41653559322033895,0.2728725988700565,0.11357457627118643,0.8863000000000001,1.6700000000000002,1.25,0.8692000000000001,0.1294,0.19049999999999997,0.8570000000000001,0.9204000000000001,1.2012,0.3076
95.4279,88.399,125.6942,71.9759,6.9469,7.5386,65.9522,122.2901,95.1585,28.3058,0.35607425373134327,0.32984701492537316,0.4690082089552239,0.2685667910447761,0.025921268656716418,0.028129104477611938,0.2460902985074627,0.45630634328358205,0.3550690298507463,0.10561865671641792,0.8497,1.3648,1.2622,0.8179000000000001,0.1221,0.15139999999999998,0.8887,0.9497000000000001,1.0865,0.22949999999999998
78.069,80.5469,93.9542,68.6953,6.8446,9.7749,65.6777,113.8433,60.3442,43.7074,0.208184,0.21479173333333332,0.2505445333333333,0.1831874666666667,0.018252266666666666,0.0260664,0.17514053333333335,0.30358213333333334,0.16091786666666666,0.11655306666666666,0.7373000000000001,1.2647,1.1377,0.7471000000000001,0.1123,0.16849999999999998,0.6495000000000001,0.5713,0.774,0.3394
70.1965,76.3989,137.1212,70.5072,5.2374,5.3916,55.9354,97.9717,93.1554,26.8848,0.24122508591065292,0.26253917525773196,0.4712068728522336,0.24229278350515462,0.017997938144329897,0.01852783505154639,0.19221786941580757,0.3366725085910653,0.3201216494845361,0.09238762886597937,0.7691,1.2867,1.7017,0.8789,0.1197,0.1148,0.5835,0.7081000000000001,1.4698,0.20750000000000002
104.1448,89.107,119.3145,69.732,5.6251,7.4601999999999995,64.5793,103.2529,84.6246,26.9406,0.365420350877193,0.3126561403508772,0.4186473684210526,0.24467368421052632,0.019737192982456138,0.026176140350877192,0.2265940350877193,0.3622908771929824,0.29692842105263156,0.09452842105263158,1.3086,1.5332000000000001,1.0083,0.8423,0.12699999999999997,0.188,0.8912,0.6201,1.0230000000000001,0.3101
104.215,49.004,107.2085,67.4339,6.424,7.716,76.8546,139.7853,47.7754,42.1809,0.247541567695962,0.11639904988123514,0.2546520190023753,0.1601755344418052,0.015258907363420428,0.018327790973871733,0.18255249406175772,0.33203159144893113,0.11348076009501187,0.10019216152019003,1.0914000000000001,0.9668,1.1158000000000001,0.8692000000000001,0.1197,0.1343,0.6177,0.8398,0.6641,0.3906
184.3039,344.1322,147.9264,58.8544,10.7584,8.717,143.5621,431.0549,137.0146,48.2677,0.4104763919821826,0.766441425389755,0.3294574610244989,0.13107884187082405,0.023960801781737193,0.019414253897550113,0.319737416481069,0.9600331848552338,0.30515501113585747,0.10750044543429843,1.8433,4.6607,2.2754,0.6275000000000001,0.20509999999999998,0.2271,2.2022,4.6607,1.8091000000000002,0.3881
143.3005,316.0102,64.1975,33.1992,9.687,10.0571,164.4746,405.2514,87.33239999999999,41.4585,0.33094803695150116,0.7298157043879907,0.14826212471131642,0.07667251732101617,0.022371824480369513,0.023226558891454967,0.3798489607390301,0.9359154734411085,0.20169145496535795,0.09574711316397229,2.0069,4.6607,0.7447,0.4712,0.20759999999999998,0.21239999999999998,2.7222,4.6631,1.1109,0.227
178.9294,245.13830000000002,118.9979,62.7456,8.9822,7.8932,118.6313,338.9273,82.5436,47.7886,0.3923890350877193,0.5375839912280702,0.26096030701754386,0.1376,0.01969780701754386,0.017309649122807018,0.2601563596491228,0.7432616228070176,0.18101666666666666,0.10479956140350878,2.6220999999999997,4.5289,1.1426,0.481,0.2173,0.2271,2.8198999999999996,4.6607,1.0743,0.5859
131.2238,279.1487,51.3651,26.9534,7.8454999999999995,8.9503,142.4295,435.255,63.8902,49.9337,0.2909618625277162,0.6189549889135255,0.11389157427937915,0.05976363636363636,0.01739578713968958,0.019845454545454545,0.3158082039911308,0.9650886917960089,0.14166341463414633,0.11071773835920178,1.8384,3.2226999999999997,0.6910000000000001,0.4322,0.14409999999999998,0.15139999999999998,1.9629,4.6607,0.8179000000000001,0.6396
123.1114,246.9909,38.274,19.8252,7.4467,7.8952,135.7908,423.7607,66.1467,43.867399999999996,0.2966539759036145,0.5951587951807229,0.09222650602409639,0.04777156626506024,0.017943855421686746,0.01902457831325301,0.32720674698795177,1.0211101204819277,0.15938963855421687,0.105704578313253,1.6553,2.6342999999999996,0.42,0.3296,0.16119999999999998,0.15389999999999998,1.919,4.6607,0.8179000000000001,0.46629999999999994
113.7465,213.829,61.0274,33.2327,6.63,6.9045,102.011,369.5656,58.4447,43.9395,0.35435046728971964,0.6661339563862929,0.1901165109034268,0.10352866043613708,0.020654205607476637,0.021509345794392523,0.317791277258567,1.1512947040498442,0.18207071651090342,0.13688317757009347,1.9141000000000001,3.3667,0.7300000000000001,0.3418,0.1856,0.20759999999999998,2.1069999999999998,4.6607,0.9985999999999999,0.6446000000000001
126.9875,341.6264,67.3662,31.6512,5.7604,6.7379,154.0663,414.8318,74.6647,44.1192,0.29327367205542726,0.788975519630485,0.15558013856812936,0.07309745958429562,0.013303464203233256,0.015560969976905311,0.3558113163972287,0.9580411085450347,0.17243579676674364,0.1018919168591224,1.5552000000000001,3.4766,1.0767,0.7178,0.14159999999999998,0.15139999999999998,2.2460999999999998,4.6607,1.0474,0.2612
100.1199,202.2896,50.4011,27.3082,5.0788,5.0442,106.5456,340.801,49.6915,41.1668,0.2344728337236534,0.47374613583138175,0.11803536299765807,0.0639536299765808,0.011894145199063233,0.011813114754098361,0.24952131147540982,0.7981288056206088,0.11637353629976581,0.09640936768149884,1.5357,2.2754,1.0523,0.8204,0.1221,0.1319,1.3794,4.6631,0.5640000000000001,0.2271
125.6257,168.4533,60.8338,28.8812,5.9735,6.8808,157.6768,371.30989999999997,72.4213,45.3009,0.3012606714628297,0.4039647482014389,0.14588441247002398,0.06925947242206235,0.014324940047961629,0.016500719424460433,0.3781218225419664,0.8904314148681054,0.17367218225419664,0.10863525179856115,1.5528,1.9654,0.6934,0.4834,0.1734,0.1807,2.4072999999999998,4.6607,1.3477000000000001,0.2905
99.2591,149.0482,46.7482,26.3108,4.7738,4.4959,105.0858,300.7229,45.728699999999996,41.6364,0.23633119047619047,0.3548766666666667,0.11130523809523808,0.06264476190476191,0.011366190476190476,0.01070452380952381,0.2502042857142857,0.7160069047619048,0.10887785714285714,0.09913428571428572,1.5577,2.0947999999999998,1.5259,0.9595,0.15139999999999998,0.149,1.2305000000000001,4.6607,0.6568,0.2393
